01/06/2014 08:04:09,1,36.04802854,24.87957475
01/06/2014 13:34:27,1,36.04802866,24.87957231
01/06/2014 23:01:01,1,36.04802471,24.87957304
01/07/2014 01:14:02,1,36.06643937,24.88259434
01/07/2014 03:20:01,1,36.06645565,24.88262136
01/07/2014 08:03:09,1,36.04803209,24.87956582
01/07/2014 13:49:16,1,36.04802476,24.87957126
01/07/2014 20:52:01,1,36.06647516,24.88265566
01/08/2014 08:07:09,1,36.04802129,24.87957178
01/08/2014 13:57:27,1,36.04802996,24.87956965
01/08/2014 21:29:01,1,36.04803094,24.87956758
01/08/2014 23:57:02,1,36.06647822,24.8826179
01/09/2014 03:20:01,1,36.06645717,24.88261133
01/09/2014 07:58:09,1,36.0480261,24.87957354
01/09/2014 13:53:17,1,36.04802194,24.8795714
01/09/2014 17:52:03,1,36.06649647,24.88257847
01/10/2014 08:15:09,1,36.04803228,24.87956877
01/10/2014 13:23:05,1,36.04803003,24.87956546
01/10/2014 19:20:01,1,36.08547254,24.8604165
01/10/2014 23:39:32,1,36.06645991,24.88262309
01/11/2014 15:49:01,1,36.06643379,24.88261512
01/11/2014 19:52:07,1,36.0664652,24.8826187
01/12/2014 15:14:01,1,36.06646999,24.88262915
01/13/2014 08:18:09,1,36.04802493,24.87957582
01/13/2014 13:44:27,1,36.04803202,24.87957344
01/13/2014 20:10:01,1,36.06642351,24.88263852
01/14/2014 08:11:09,1,36.04802608,24.87957318
01/14/2014 13:30:26,1,36.0480304,24.87956808
01/14/2014 21:19:52,1,36.06646439,24.88259898
01/15/2014 08:06:09,1,36.0480246,24.87957047
01/15/2014 13:31:05,1,36.0480227,24.87957324
01/16/2014 00:13:02,1,36.06645318,24.88258761
01/16/2014 08:17:09,1,36.04802432,24.8795747
01/16/2014 13:37:42,1,36.04803004,24.87957338
01/16/2014 20:39:52,1,36.06648749,24.88261819
01/17/2014 08:12:09,1,36.04802258,24.87956891
01/17/2014 20:33:05,1,36.04802866,24.87956523
01/17/2014 22:45:02,1,36.06644798,24.88261754
01/18/2014 10:02:01,1,36.06648797,24.88263248
01/18/2014 13:36:43,1,36.06583636,24.84981343
01/18/2014 16:04:26,1,36.06642691,24.88259737
01/18/2014 19:37:01,1,36.06641461,24.8826145
01/06/2014 08:31:11,2,36.04802319,24.87957127
01/06/2014 13:29:42,2,36.0480314,24.87956725
01/06/2014 20:52:01,2,36.08546145,24.86045479
01/07/2014 08:48:40,2,36.04803206,24.8795654
01/07/2014 13:32:17,2,36.04802666,24.87956661
01/07/2014 20:12:13,2,36.08546852,24.8604552
01/08/2014 08:26:11,2,36.04803015,24.87957113
01/08/2014 13:51:17,2,36.04802108,24.87957417
01/08/2014 19:27:13,2,36.08542566,24.86038173
01/09/2014 08:42:11,2,36.04803285,24.8795673
01/09/2014 13:47:42,2,36.04802251,24.87956973
01/09/2014 17:29:28,2,36.08542765,24.86039061
01/10/2014 09:03:45,2,36.04803013,24.87957407
01/10/2014 13:50:16,2,36.04803114,24.87956576
01/10/2014 19:52:13,2,36.08544851,24.86045605
01/11/2014 18:14:13,2,36.07664054,24.85761429
01/11/2014 20:34:01,2,36.08545478,24.86044242
01/12/2014 19:32:13,2,36.08543268,24.8603992
01/13/2014 08:22:11,2,36.04802681,24.87957609
01/13/2014 13:49:16,2,36.04802444,24.87957114
01/13/2014 18:41:13,2,36.07663964,24.85759667
01/13/2014 20:50:13,2,36.08547529,24.86038463
01/14/2014 08:49:11,2,36.04802659,24.87956625
01/14/2014 13:42:42,2,36.04802875,24.87957298
01/14/2014 20:02:01,2,36.08543115,24.86042993
01/15/2014 08:28:18,2,36.04802814,24.8795705
01/15/2014 13:31:42,2,36.04802599,24.87957074
01/15/2014 20:00:13,2,36.08543001,24.8603669
01/16/2014 08:47:21,2,36.04802899,24.87957418
01/16/2014 13:55:27,2,36.04802872,24.87957566
01/16/2014 20:20:28,2,36.08544323,24.86038904
01/17/2014 08:29:11,2,36.04802476,24.87957599
01/17/2014 13:43:05,2,36.04802356,24.87957652
01/17/2014 17:22:28,2,36.08545903,24.86040478
01/18/2014 20:21:13,2,36.08549641,24.86040295
01/19/2014 18:18:13,2,36.07668936,24.85757343
01/06/2014 08:07:11,3,36.04802173,24.87957273
01/06/2014 13:53:42,3,36.04802549,24.87956511
01/06/2014 17:47:11,3,36.08662294,24.85759706
01/07/2014 08:14:33,3,36.04802202,24.87957072
01/07/2014 13:57:42,3,36.04802372,24.87956805
01/07/2014 17:55:11,3,36.08664976,24.85761309
01/08/2014 08:05:11,3,36.04802782,24.87957383
01/08/2014 14:01:27,3,36.04802293,24.87956708
01/08/2014 20:56:01,3,36.08670194,24.85762065
01/09/2014 08:01:33,3,36.04802815,24.87957192
01/09/2014 13:56:27,3,36.04802831,24.87957187
01/09/2014 21:46:25,3,36.08657807,24.857577
01/10/2014 08:24:11,3,36.04802902,24.87957471
01/10/2014 13:55:42,3,36.04802502,24.87957594
01/10/2014 19:03:45,3,36.08551128,24.86044607
01/11/2014 00:29:45,3,36.08669679,24.85757883
01/11/2014 20:07:01,3,36.08664577,24.85757681
01/12/2014 20:14:28,3,36.08663624,24.85760247
01/13/2014 07:59:11,3,36.04802158,24.87956665
01/13/2014 13:51:17,3,36.04803103,24.87957187
01/13/2014 18:07:11,3,36.08665163,24.85764434
01/14/2014 08:23:11,3,36.04803141,24.87957591
01/14/2014 13:39:26,3,36.0480301,24.87957109
01/14/2014 21:09:01,3,36.08667449,24.85761851
01/15/2014 08:25:11,3,36.04803286,24.87956878
01/15/2014 14:02:17,3,36.0480293,24.87956919
01/15/2014 20:20:01,3,36.08666637,24.85766329
01/16/2014 08:21:11,3,36.04802517,24.87957476
01/16/2014 14:00:26,3,36.04802836,24.87957681
01/16/2014 20:20:28,3,36.08664557,24.85765894
01/17/2014 08:08:11,3,36.04802747,24.87957681
01/17/2014 13:43:16,3,36.048024,24.8795768
01/17/2014 19:48:28,3,36.07662794,24.85762978
01/17/2014 22:41:01,3,36.08664252,24.8575824
01/18/2014 19:49:01,3,36.08666208,24.85756512
01/06/2014 07:28:19,4,36.04802162,24.87957574
01/06/2014 13:37:17,4,36.04802499,24.87957132
01/06/2014 20:56:01,4,36.07817957,24.87213508
01/07/2014 07:20:19,4,36.04802759,24.87956578
01/07/2014 13:47:17,4,36.04802877,24.87957285
01/07/2014 21:28:13,4,36.07820934,24.8721478
01/08/2014 07:19:19,4,36.0480222,24.87957056
01/08/2014 13:36:05,4,36.04803067,24.87957153
01/08/2014 21:05:13,4,36.07819134,24.872115
01/09/2014 07:29:01,4,36.04803119,24.87957571
01/09/2014 13:24:05,4,36.04802448,24.8795687
01/09/2014 21:46:24,4,36.07819339,24.87212356
01/10/2014 07:44:19,4,36.04802487,24.87957563
01/10/2014 13:37:23,4,36.04803272,24.87956585
01/10/2014 20:14:13,4,36.07820118,24.87214489
01/11/2014 13:59:48,4,36.05498739,24.90176618
01/11/2014 16:20:43,4,36.0781942,24.87213863
01/11/2014 19:31:01,4,36.07821184,24.87213056
01/12/2014 13:06:05,4,36.08955831,24.86076496
01/12/2014 16:11:01,4,36.07819681,24.87212634
01/12/2014 18:43:13,4,36.07668417,24.85760168
01/12/2014 20:53:01,4,36.07820018,24.87214904
01/13/2014 07:25:19,4,36.04802691,24.87957256
01/13/2014 13:46:17,4,36.04803264,24.87956672
01/13/2014 20:39:35,4,36.07821278,24.87211825
01/14/2014 07:30:19,4,36.04802733,24.8795655
01/14/2014 13:35:27,4,36.04802653,24.8795696
01/14/2014 18:06:22,4,36.07818767,24.87214935
01/15/2014 07:23:19,4,36.04802409,24.87956634
01/15/2014 13:39:17,4,36.04802865,24.87956633
01/15/2014 20:30:01,4,36.07820694,24.87211296
01/16/2014 07:25:19,4,36.04802737,24.87957303
01/16/2014 13:28:09,4,36.0480291,24.87956651
01/16/2014 21:19:01,4,36.07819585,24.87212701
01/17/2014 07:44:19,4,36.04802568,24.87956773
01/17/2014 13:25:42,4,36.04803084,24.87956714
01/17/2014 20:58:13,4,36.07819483,24.87212599
01/18/2014 14:13:32,4,36.07821067,24.87214992
01/18/2014 19:57:01,4,36.07820978,24.87214384
01/19/2014 12:36:05,4,36.08960022,24.86066592
01/06/2014 08:19:31,5,36.04802345,24.87957655
01/06/2014 13:51:23,5,36.04802123,24.87957218
01/06/2014 17:26:29,5,36.06736705,24.87791338
01/07/2014 08:11:31,5,36.04802782,24.87957388
01/07/2014 13:39:17,5,36.0480228,24.87957416
01/07/2014 17:21:29,5,36.06733519,24.87791676
01/08/2014 08:22:31,5,36.04802277,24.87957464
01/08/2014 13:36:23,5,36.04802304,24.87957219
01/08/2014 21:43:01,5,36.06736616,24.87793011
01/09/2014 07:53:31,5,36.04802609,24.87956603
01/09/2014 13:34:16,5,36.04802493,24.87957583
01/09/2014 19:47:09,5,36.06732981,24.87790555
01/10/2014 08:06:31,5,36.04802182,24.87957579
01/10/2014 13:42:17,5,36.04803147,24.8795741
01/10/2014 19:02:25,5,36.08549378,24.86045352
01/10/2014 23:30:01,5,36.0673356,24.8779327
01/11/2014 19:27:09,5,36.06733141,24.87788798
01/12/2014 20:12:09,5,36.0673031,24.87793244
01/13/2014 08:13:31,5,36.04802897,24.87957478
01/13/2014 13:40:23,5,36.04802306,24.87957146
01/13/2014 20:26:43,5,36.06736498,24.87795137
01/14/2014 08:04:31,5,36.04802586,24.87957016
01/14/2014 13:47:05,5,36.04802392,24.87956598
01/14/2014 20:45:09,5,36.06731251,24.87791259
01/15/2014 07:53:31,5,36.04802582,24.879574
01/15/2014 13:37:27,5,36.0480327,24.87957262
01/15/2014 20:34:09,5,36.06731985,24.87789626
01/16/2014 08:10:31,5,36.0480254,24.8795763
01/16/2014 13:37:27,5,36.0480277,24.87956945
01/16/2014 20:30:09,5,36.06735891,24.87791674
01/17/2014 08:02:31,5,36.04803195,24.87956891
01/17/2014 19:48:09,5,36.06732136,24.87790675
01/18/2014 19:30:09,5,36.06736653,24.87790967
01/06/2014 07:56:33,6,36.04802575,24.87956991
01/06/2014 13:31:16,6,36.04802986,24.87957079
01/06/2014 20:16:02,6,36.05948238,24.89483195
01/07/2014 08:02:33,6,36.04802819,24.87956747
01/07/2014 13:43:16,6,36.04803095,24.87956522
01/07/2014 20:15:02,6,36.05946599,24.89479329
01/08/2014 08:02:33,6,36.04802984,24.87956646
01/08/2014 13:37:27,6,36.04802717,24.87956787
01/08/2014 21:17:02,6,36.05944489,24.89476689
01/09/2014 07:49:33,6,36.04802346,24.87956577
01/09/2014 13:18:58,6,36.04802238,24.87956663
01/09/2014 20:34:53,6,36.05943651,24.89482593
01/10/2014 07:49:33,6,36.04802795,24.87957115
01/10/2014 18:51:01,6,36.08549126,24.86039779
01/10/2014 22:31:01,6,36.05948388,24.89478965
01/11/2014 14:03:04,6,36.05947309,24.89483324
01/11/2014 19:22:02,6,36.05947045,24.89484157
01/12/2014 19:28:02,6,36.0594698,24.89482491
01/13/2014 08:08:33,6,36.04802371,24.87957462
01/13/2014 13:43:27,6,36.04803241,24.87957281
01/13/2014 20:51:02,6,36.05943983,24.89484396
01/14/2014 08:01:33,6,36.04802279,24.87957278
01/14/2014 13:29:27,6,36.04802134,24.87957642
01/14/2014 17:59:01,6,36.0594668,24.89477312
01/15/2014 08:07:33,6,36.04802147,24.87957169
01/15/2014 13:13:05,6,36.04802647,24.87956977
01/15/2014 21:10:01,6,36.05944521,24.8947981
01/16/2014 07:58:33,6,36.04803055,24.87957026
01/16/2014 13:48:27,6,36.0480214,24.87956552
01/16/2014 21:02:02,6,36.05945478,24.89485547
01/17/2014 07:58:33,6,36.04802353,24.87957602
01/17/2014 20:25:02,6,36.05944494,24.89480431
01/18/2014 13:27:47,6,36.06327789,24.85232295
01/06/2014 08:00:19,7,36.0480235,24.87956532
01/06/2014 13:32:05,7,36.04802275,24.87957192
01/06/2014 17:41:41,7,36.08446978,24.86423878
01/07/2014 07:59:19,7,36.04802696,24.87956642
01/07/2014 13:21:42,7,36.04803122,24.87956554
01/07/2014 21:09:42,7,36.08446632,24.86421265
01/08/2014 08:06:19,7,36.04802734,24.87956692
01/08/2014 13:40:01,7,36.04802665,24.87957528
01/08/2014 19:41:01,7,36.08448391,24.86422462
01/09/2014 08:11:19,7,36.0480235,24.87956545
01/09/2014 13:34:16,7,36.04802869,24.87957607
01/09/2014 20:16:01,7,36.08443014,24.8641805
01/10/2014 07:53:19,7,36.04802503,24.87957132
01/10/2014 11:10:01,7,36.07065447,24.89525247
01/10/2014 13:42:01,7,36.04802645,24.87956588
01/10/2014 19:12:54,7,36.08544388,24.8604258
01/10/2014 23:00:01,7,36.08442703,24.86419482
01/11/2014 13:44:40,7,36.08444319,24.864218
01/11/2014 19:56:51,7,36.08445334,24.86420011
01/12/2014 14:02:36,7,36.08443924,24.86422134
01/12/2014 17:59:42,7,36.07666991,24.85759662
01/12/2014 20:46:01,7,36.08447472,24.86421894
01/13/2014 08:06:19,7,36.04803266,24.87957027
01/13/2014 13:38:42,7,36.04803184,24.87956695
01/13/2014 17:26:41,7,36.08445248,24.86421568
01/14/2014 08:03:19,7,36.04802866,24.87957293
01/14/2014 13:27:07,7,36.04802361,24.87956508
01/14/2014 21:44:41,7,36.08445046,24.86422398
01/15/2014 07:53:19,7,36.04803103,24.87957261
01/15/2014 13:53:27,7,36.04802229,24.87956818
01/15/2014 20:05:02,7,36.08445578,24.86423355
01/16/2014 07:57:19,7,36.04802653,24.87957348
01/16/2014 13:40:27,7,36.04803248,24.87956516
01/16/2014 17:54:41,7,36.0844489,24.86419506
01/17/2014 08:08:19,7,36.04802533,24.87957269
01/17/2014 11:34:57,7,36.07065572,24.89527089
01/17/2014 14:07:07,7,36.048032,24.8795767
01/17/2014 20:08:42,7,36.08443497,24.86419177
01/18/2014 13:06:47,7,36.06329943,24.8523006
01/18/2014 15:32:38,7,36.08446485,24.86421473
01/06/2014 08:06:09,8,36.04802232,24.87957112
01/06/2014 13:56:16,8,36.04802171,24.87957272
01/06/2014 17:37:46,8,36.06723739,24.88594659
01/07/2014 07:46:09,8,36.04802452,24.87957187
01/07/2014 13:40:23,8,36.0480279,24.87956673
01/07/2014 20:24:40,8,36.06724185,24.88591581
01/08/2014 08:09:09,8,36.04802888,24.87956854
01/08/2014 13:50:16,8,36.04802427,24.87957041
01/08/2014 20:46:55,8,36.0673003,24.88587989
01/09/2014 08:02:09,8,36.0480271,24.87956768
01/09/2014 13:38:42,8,36.04802285,24.87957477
01/09/2014 20:34:48,8,36.06731997,24.88586603
01/10/2014 08:08:09,8,36.04802816,24.87957053
01/10/2014 13:46:05,8,36.04802961,24.87956964
01/10/2014 19:12:50,8,36.08548947,24.86041501
01/10/2014 23:55:01,8,36.06729805,24.88586728
01/11/2014 19:58:40,8,36.06728513,24.88595122
01/12/2014 14:02:59,8,36.0673122,24.88595225
01/12/2014 19:24:40,8,36.06725174,24.88596139
01/13/2014 07:44:09,8,36.04802621,24.87956996
01/13/2014 13:52:23,8,36.04803211,24.87957413
01/13/2014 21:05:40,8,36.06722721,24.88589482
01/14/2014 07:43:09,8,36.04802739,24.87957006
01/14/2014 14:00:27,8,36.0480261,24.87957103
01/14/2014 20:22:40,8,36.06732347,24.8859643
01/15/2014 07:49:09,8,36.04802965,24.87956706
01/15/2014 13:34:17,8,36.04802868,24.87957266
01/15/2014 17:30:46,8,36.06725016,24.8858686
01/16/2014 07:52:09,8,36.04802404,24.87957361
01/16/2014 13:29:42,8,36.04802533,24.87956776
01/16/2014 19:49:40,8,36.06725852,24.88588051
01/17/2014 07:42:09,8,36.04802431,24.87957464
01/17/2014 13:26:26,8,36.04802485,24.8795729
01/17/2014 20:34:40,8,36.06722536,24.88588734
01/18/2014 19:41:40,8,36.06725441,24.88593257
01/06/2014 08:37:10,9,36.04807285,24.87956625
01/06/2014 13:59:59,9,36.07662311,24.86275641
01/06/2014 19:19:01,9,36.07668754,24.85761839
01/07/2014 08:23:11,9,36.0480211,24.87957626
01/07/2014 13:57:26,9,36.04802843,24.87956683
01/07/2014 17:15:01,9,36.08432022,24.85638029
01/08/2014 08:30:10,9,36.04808028,24.87957556
01/08/2014 13:59:23,9,36.04802955,24.87957553
01/08/2014 17:19:57,9,36.08425304,24.85638239
01/08/2014 20:34:13,9,36.08423757,24.85645312
01/09/2014 08:39:59,9,36.05749382,24.87616493
01/09/2014 14:15:23,9,36.04802806,24.8795729
01/09/2014 20:18:13,9,36.08430917,24.85643643
01/10/2014 08:19:11,9,36.04802981,24.87957282
01/10/2014 13:59:59,9,36.04843308,24.87956979
01/10/2014 19:12:00,9,36.08546198,24.8604146
01/10/2014 23:57:01,9,36.08426401,24.85639886
01/11/2014 19:36:13,9,36.08423126,24.85642276
01/12/2014 18:34:15,9,36.07529478,24.85633237
01/13/2014 08:52:26,9,36.04803033,24.87956526
01/13/2014 14:12:05,9,36.0480298,24.87956761
01/13/2014 17:36:57,9,36.08430276,24.85639469
01/14/2014 08:19:11,9,36.04802937,24.87957542
01/14/2014 13:59:58,9,36.05670866,24.86539558
01/14/2014 19:37:11,9,36.08430906,24.8563197
01/15/2014 08:38:14,9,36.04803093,24.87957133
01/15/2014 13:58:27,9,36.04802576,24.87956661
01/15/2014 17:39:59,9,36.08181715,24.85907955
01/15/2014 20:33:13,9,36.08422846,24.85638433
01/16/2014 08:20:11,9,36.04802794,24.87957232
01/16/2014 14:10:42,9,36.04802772,24.87956761
01/16/2014 20:55:07,9,36.08428872,24.85638404
01/17/2014 08:58:56,9,36.04802661,24.8795742
01/17/2014 14:13:27,9,36.04802976,24.87956777
01/17/2014 20:29:13,9,36.08431288,24.85638345
01/18/2014 13:33:48,9,36.05493404,24.90186524
01/18/2014 15:59:59,9,36.06461524,24.88241681
01/18/2014 18:23:13,9,36.07662089,24.85759705
01/18/2014 20:36:11,9,36.08429059,24.8564021
01/18/2014 23:57:01,9,36.08432477,24.85645418
01/19/2014 18:22:13,9,36.07666025,24.85760443
01/06/2014 07:47:19,10,36.04802941,24.87956634
01/06/2014 13:03:23,10,36.04802448,24.87956581
01/06/2014 19:54:01,10,36.07665466,24.85760764
01/06/2014 22:11:01,10,36.07684354,24.86588553
01/07/2014 07:50:19,10,36.04802515,24.87957681
01/07/2014 13:33:16,10,36.04802925,24.87957391
01/07/2014 19:55:01,10,36.07663382,24.85760204
01/07/2014 21:57:44,10,36.07680148,24.86588509
01/08/2014 07:38:19,10,36.04802217,24.87957526
01/08/2014 13:25:27,10,36.04803084,24.87956582
01/08/2014 20:59:01,10,36.07685033,24.86587986
01/09/2014 07:50:19,10,36.0480286,24.87956611
01/09/2014 13:05:05,10,36.04802972,24.87957541
01/09/2014 21:40:01,10,36.07683,24.86587498
01/10/2014 07:37:19,10,36.04803218,24.87956712
01/10/2014 13:22:27,10,36.04802848,24.87956755
01/10/2014 21:20:01,10,36.07685474,24.8658919
01/11/2014 19:54:45,10,36.07682208,24.86588948
01/12/2014 13:26:35,10,36.08960158,24.86069606
01/12/2014 19:54:45,10,36.07683696,24.86587174
01/13/2014 07:33:19,10,36.04802194,24.87957229
01/13/2014 13:27:16,10,36.04803123,24.87957309
01/13/2014 21:25:01,10,36.07683097,24.86587011
01/14/2014 07:55:19,10,36.0480289,24.87956777
01/14/2014 13:36:26,10,36.04802816,24.87957619
01/14/2014 20:58:01,10,36.07684893,24.86588059
01/15/2014 07:29:19,10,36.04803189,24.87957453
01/15/2014 13:26:27,10,36.0480255,24.87956506
01/15/2014 20:18:09,10,36.07684563,24.86587324
01/16/2014 07:45:19,10,36.04803004,24.87957569
01/16/2014 13:34:13,10,36.04802487,24.87957681
01/16/2014 21:05:45,10,36.07683603,24.86590177
01/17/2014 07:44:19,10,36.0480322,24.87956649
01/17/2014 13:25:17,10,36.04802103,24.87956554
01/17/2014 20:44:01,10,36.07683697,24.86586716
01/18/2014 13:29:31,10,36.06587263,24.8497954
01/18/2014 15:56:59,10,36.07685092,24.86587767
01/18/2014 19:48:45,10,36.0768349,24.8658969
01/19/2014 12:39:39,10,36.08962132,24.86067975
01/06/2014 08:10:11,11,36.04802262,24.87957334
01/06/2014 14:03:26,11,36.04803244,24.87957025
01/06/2014 20:30:44,11,36.08416049,24.85899379
01/07/2014 08:19:11,11,36.04802977,24.87957344
01/07/2014 14:01:05,11,36.0480235,24.87956943
01/07/2014 20:41:34,11,36.08419069,24.85897676
01/08/2014 08:09:11,11,36.04803204,24.87957621
01/08/2014 13:42:27,11,36.04802991,24.87957384
01/08/2014 20:17:44,11,36.08415252,24.85904277
01/09/2014 08:28:11,11,36.04802376,24.87957151
01/09/2014 13:49:27,11,36.04802658,24.87957109
01/09/2014 20:41:01,11,36.08418432,24.85903942
01/10/2014 08:11:11,11,36.04802634,24.87956617
01/10/2014 14:02:42,11,36.04802218,24.87956791
01/10/2014 18:45:31,11,36.08548292,24.86037343
01/10/2014 23:23:31,11,36.08415271,24.85897961
01/11/2014 14:04:37,11,36.0841257,24.85897346
01/12/2014 19:26:01,11,36.0842063,24.85896939
01/13/2014 08:27:11,11,36.04802534,24.87957518
01/13/2014 13:43:17,11,36.04802307,24.8795671
01/13/2014 18:41:09,11,36.07528218,24.85627632
01/13/2014 20:52:01,11,36.08419372,24.85902288
01/14/2014 08:09:11,11,36.04802787,24.87956848
01/14/2014 14:00:26,11,36.0480306,24.87957573
01/14/2014 17:25:27,11,36.08412309,24.85902089
01/15/2014 08:32:11,11,36.04803068,24.87956697
01/15/2014 13:39:05,11,36.04802823,24.87957505
01/15/2014 18:10:44,11,36.07662588,24.85762584
01/15/2014 20:33:44,11,36.08419411,24.85897785
01/16/2014 08:31:11,11,36.04802786,24.8795692
01/16/2014 14:00:27,11,36.04803032,24.8795747
01/16/2014 20:24:44,11,36.08416649,24.8590353
01/17/2014 08:18:11,11,36.04803193,24.87957141
01/17/2014 13:56:23,11,36.0480299,24.87956498
01/17/2014 19:48:09,11,36.08417139,24.85899695
01/18/2014 14:05:37,11,36.08413516,24.85902315
01/18/2014 19:24:44,11,36.08414179,24.85897309
01/06/2014 07:51:09,12,36.04803041,24.87957301
01/06/2014 14:23:01,12,36.04802574,24.87957537
01/06/2014 20:41:01,12,36.06783021,24.89912155
01/07/2014 07:59:09,12,36.04803029,24.879576
01/07/2014 13:56:26,12,36.04802331,24.87957453
01/07/2014 17:21:41,12,36.06784678,24.89912552
01/08/2014 07:54:09,12,36.04803092,24.87957078
01/08/2014 14:11:23,12,36.04803242,24.87956942
01/08/2014 21:15:01,12,36.06785144,24.89913531
01/09/2014 07:58:09,12,36.04802775,24.87956884
01/09/2014 14:12:05,12,36.04802369,24.87957124
01/09/2014 17:20:41,12,36.06782723,24.89916103
01/10/2014 07:59:09,12,36.04802109,24.8795754
01/10/2014 14:16:23,12,36.04802246,24.87956773
01/10/2014 20:31:19,12,36.06781595,24.89912887
01/11/2014 14:28:05,12,36.06773236,24.89916757
01/11/2014 20:54:01,12,36.06776675,24.899171
01/12/2014 19:32:19,12,36.06772742,24.89919259
01/13/2014 08:04:09,12,36.04802768,24.87957656
01/13/2014 14:09:01,12,36.04802544,24.87956788
01/13/2014 18:52:19,12,36.05577947,24.9025267
01/13/2014 21:19:01,12,36.06778199,24.89909885
01/14/2014 07:57:09,12,36.0480259,24.87956533
01/14/2014 14:03:05,12,36.04803094,24.87957097
01/14/2014 20:05:19,12,36.06781135,24.89913767
01/15/2014 07:56:09,12,36.04803178,24.87957336
01/15/2014 13:49:05,12,36.0480321,24.87956518
01/15/2014 19:43:35,12,36.06780658,24.89908568
01/16/2014 07:53:09,12,36.04803048,24.87957465
01/16/2014 14:00:17,12,36.0480253,24.87957429
01/16/2014 20:44:19,12,36.06774733,24.89916374
01/17/2014 07:49:40,12,36.04803227,24.87957264
01/17/2014 14:15:26,12,36.04803136,24.8795671
01/17/2014 21:01:01,12,36.06783486,24.89913116
01/06/2014 08:08:12,13,36.04803188,24.87956805
01/06/2014 14:17:16,13,36.04802533,24.87956811
01/06/2014 20:30:05,13,36.06035588,24.90561931
01/07/2014 08:16:12,13,36.04802449,24.87956816
01/07/2014 14:07:17,13,36.04802777,24.87957662
01/07/2014 19:52:01,13,36.06033621,24.90567974
01/08/2014 08:10:12,13,36.04802362,24.87957543
01/08/2014 13:59:16,13,36.04802218,24.87957261
01/08/2014 21:04:05,13,36.06044475,24.90560219
01/09/2014 08:07:12,13,36.04802531,24.87956967
01/09/2014 14:26:17,13,36.04803147,24.87956519
01/09/2014 17:24:46,13,36.06044428,24.90567619
01/10/2014 08:18:12,13,36.0480225,24.87957675
01/10/2014 14:17:17,13,36.04803225,24.8795762
01/10/2014 20:31:13,13,36.06041929,24.90567149
01/11/2014 19:29:45,13,36.0603317,24.90567919
01/12/2014 13:31:52,13,36.05282534,24.8686119
01/12/2014 15:53:01,13,36.06041284,24.90568472
01/13/2014 08:29:12,13,36.04802744,24.87957554
01/13/2014 14:01:17,13,36.04802432,24.87956902
01/13/2014 20:23:05,13,36.06038489,24.905629
01/14/2014 08:10:12,13,36.04803092,24.8795671
01/14/2014 14:06:23,13,36.04803058,24.87957318
01/14/2014 20:41:01,13,36.06043268,24.90556634
01/15/2014 08:04:12,13,36.04802537,24.87957348
01/15/2014 14:13:16,13,36.04802974,24.87957313
01/15/2014 20:06:51,13,36.06040163,24.90567405
01/16/2014 08:25:12,13,36.04803105,24.87957419
01/16/2014 13:52:42,13,36.04802159,24.87956503
01/16/2014 20:36:25,13,36.06041996,24.90564076
01/17/2014 08:29:12,13,36.04802187,24.87957141
01/17/2014 14:05:16,13,36.048029,24.87957579
01/17/2014 20:23:05,13,36.06039484,24.9055792
01/18/2014 14:09:45,13,36.06032707,24.90560515
01/06/2014 08:13:09,14,36.04802639,24.87957167
01/06/2014 14:01:23,14,36.04802693,24.87956699
01/06/2014 20:18:01,14,36.06343077,24.89612466
01/07/2014 07:50:09,14,36.04803085,24.87956572
01/07/2014 14:06:16,14,36.04803206,24.87956642
01/07/2014 20:20:05,14,36.06332151,24.89615992
01/08/2014 07:55:09,14,36.04803274,24.87957446
01/08/2014 14:01:42,14,36.0480303,24.87956994
01/08/2014 21:22:01,14,36.06340025,24.8961707
01/09/2014 08:06:09,14,36.04802759,24.87957117
01/09/2014 13:58:17,14,36.04802351,24.87956913
01/09/2014 17:39:39,14,36.06342359,24.89614976
01/10/2014 07:51:09,14,36.04802429,24.87957625
01/10/2014 14:16:17,14,36.04802123,24.87957065
01/10/2014 18:59:30,14,36.08544728,24.86037581
01/10/2014 23:39:30,14,36.06339952,24.89610913
01/11/2014 20:57:00,14,36.06331249,24.89634769
01/12/2014 14:15:28,14,36.06334852,24.896127
01/12/2014 18:27:05,14,36.05446707,24.89991103
01/12/2014 20:56:03,14,36.0633697,24.89614442
01/12/2014 23:21:01,14,36.06340962,24.8961713
01/13/2014 08:12:11,14,36.04802202,24.87957567
01/13/2014 13:46:23,14,36.04802366,24.87957194
01/13/2014 21:09:01,14,36.06339394,24.89611562
01/14/2014 08:04:09,14,36.04802821,24.87957047
01/14/2014 13:53:42,14,36.04802448,24.87957508
01/14/2014 20:36:01,14,36.06337798,24.8961006
01/15/2014 07:50:52,14,36.04802526,24.87957628
01/15/2014 13:50:26,14,36.04802591,24.87956941
01/15/2014 20:40:08,14,36.0634103,24.89609561
01/16/2014 08:02:09,14,36.04803062,24.87956963
01/16/2014 13:57:16,14,36.04803271,24.87956584
01/16/2014 19:49:08,14,36.06337647,24.8961049
01/17/2014 08:07:09,14,36.04802146,24.87957237
01/17/2014 14:07:26,14,36.04803021,24.87957357
01/17/2014 17:45:39,14,36.06337243,24.89608047
01/18/2014 13:31:14,14,36.05502968,24.9018271
01/18/2014 15:39:45,14,36.06340965,24.89617209
01/18/2014 19:40:05,14,36.06340335,24.8961181
01/06/2014 08:19:12,15,36.04802518,24.87957343
01/06/2014 14:03:23,15,36.04802346,24.87957049
01/06/2014 17:26:46,15,36.06038292,24.90560128
01/07/2014 03:35:10,15,36.07682632,24.8659217
01/07/2014 08:26:19,15,36.04802732,24.87957258
01/07/2014 14:06:27,15,36.04802905,24.87957131
01/07/2014 20:35:01,15,36.06042691,24.90561979
01/08/2014 07:55:12,15,36.04802314,24.87957587
01/08/2014 13:49:42,15,36.04802393,24.87956877
01/08/2014 20:20:18,15,36.06035915,24.90559778
01/09/2014 03:32:43,15,36.07212523,24.87460551
01/09/2014 08:18:31,15,36.0480233,24.87956549
01/09/2014 13:43:23,15,36.04803264,24.87956769
01/09/2014 20:55:01,15,36.06044492,24.90561557
01/10/2014 08:15:12,15,36.04802767,24.87957402
01/10/2014 13:42:05,15,36.048023,24.87956547
01/10/2014 20:54:01,15,36.06036971,24.90559017
01/11/2014 14:12:47,15,36.06032559,24.90564191
01/12/2014 19:36:01,15,36.06036371,24.90568753
01/13/2014 08:13:12,15,36.04802557,24.87956509
01/13/2014 13:59:17,15,36.04802354,24.87956882
01/13/2014 19:39:01,15,36.06041313,24.9056303
01/14/2014 08:00:12,15,36.04803269,24.87956931
01/14/2014 13:51:27,15,36.0480294,24.87957331
01/14/2014 20:27:05,15,36.06035241,24.90557448
01/15/2014 08:10:12,15,36.04802948,24.87957046
01/15/2014 14:03:16,15,36.04802841,24.87956817
01/15/2014 21:06:01,15,36.06035506,24.90569074
01/16/2014 08:15:12,15,36.04803073,24.87956753
01/16/2014 13:49:05,15,36.04802462,24.87957273
01/16/2014 20:19:05,15,36.06036581,24.90558414
01/17/2014 08:22:12,15,36.04802283,24.87957351
01/17/2014 13:48:42,15,36.04802798,24.87957686
01/17/2014 20:31:05,15,36.06036528,24.90557893
01/18/2014 15:26:01,15,36.06037978,24.90563627
01/18/2014 20:16:45,15,36.06040509,24.90557594
01/19/2014 18:29:05,15,36.05577575,24.90257232
01/06/2014 08:06:12,16,36.04802601,24.87957247
01/06/2014 13:48:17,16,36.04802098,24.87957681
01/06/2014 23:09:54,16,36.07682973,24.86591
01/07/2014 01:10:01,16,36.07683239,24.86587804
01/07/2014 03:25:01,16,36.07684027,24.86587968
01/07/2014 07:58:19,16,36.04802777,24.87956902
01/07/2014 13:32:42,16,36.04802915,24.87956875
01/07/2014 20:22:05,16,36.06041748,24.90557983
01/08/2014 07:44:12,16,36.04803101,24.87956942
01/08/2014 13:54:26,16,36.04803254,24.87957518
01/08/2014 19:43:01,16,36.06033541,24.90560812
01/09/2014 07:59:12,16,36.04802729,24.87956716
01/09/2014 13:30:42,16,36.04802774,24.8795715
01/09/2014 19:48:05,16,36.06034547,24.90557804
01/10/2014 08:04:12,16,36.04802576,24.87956836
01/10/2014 13:40:23,16,36.04803015,24.87956967
01/10/2014 23:21:01,16,36.07625123,24.87466429
01/11/2014 03:35:00,16,36.06044417,24.90559036
01/11/2014 11:00:01,16,36.06033659,24.90558276
01/11/2014 18:05:01,16,36.05576086,24.90253898
01/11/2014 20:19:05,16,36.06035464,24.9056833
01/12/2014 19:50:01,16,36.06044503,24.90564069
01/13/2014 08:01:12,16,36.0480281,24.87957421
01/13/2014 13:48:27,16,36.04803129,24.879569
01/13/2014 20:13:01,16,36.0603658,24.90556767
01/14/2014 07:48:12,16,36.04802983,24.87956783
01/14/2014 13:45:23,16,36.04803216,24.87957102
01/14/2014 21:42:01,16,36.06036299,24.90568346
01/15/2014 07:56:12,16,36.04802585,24.87956697
01/15/2014 13:53:42,16,36.04803199,24.87956778
01/15/2014 20:06:05,16,36.06033695,24.90558356
01/16/2014 07:50:12,16,36.04802691,24.87957376
01/16/2014 14:02:27,16,36.04802265,24.87956606
01/16/2014 21:05:39,16,36.0603279,24.9056083
01/17/2014 08:04:12,16,36.04802577,24.87957303
01/17/2014 14:05:17,16,36.04802648,24.8795651
01/17/2014 20:51:01,16,36.06043168,24.90568627
01/18/2014 20:15:45,16,36.06044667,24.90563806
01/19/2014 13:01:30,16,36.05494473,24.90176733
01/19/2014 15:42:01,16,36.06040821,24.90568582
01/06/2014 07:55:12,17,36.04802977,24.87957546
01/06/2014 13:40:01,17,36.04802464,24.87957208
01/06/2014 19:29:01,17,36.06246727,24.89881916
01/07/2014 07:43:12,17,36.04802698,24.87957431
01/07/2014 13:36:26,17,36.04802519,24.87956991
01/07/2014 20:14:23,17,36.06245561,24.89882287
01/08/2014 08:07:12,17,36.0480258,24.87956639
01/08/2014 13:44:42,17,36.04802169,24.87957076
01/08/2014 20:13:23,17,36.06246933,24.89881211
01/09/2014 07:58:12,17,36.04803148,24.87957449
01/09/2014 13:48:26,17,36.04802109,24.87956732
01/09/2014 20:43:23,17,36.06246272,24.89877777
01/10/2014 08:00:12,17,36.04802132,24.87956559
01/10/2014 13:49:42,17,36.04802279,24.87956562
01/10/2014 20:23:01,17,36.06248894,24.8987665
01/11/2014 20:16:23,17,36.06253873,24.89885206
01/12/2014 19:33:53,17,36.06251694,24.89879483
01/13/2014 07:45:12,17,36.04802367,24.87957483
01/13/2014 14:00:27,17,36.04802964,24.879566
01/13/2014 20:24:23,17,36.06247011,24.89884691
01/14/2014 07:59:12,17,36.04802623,24.87956919
01/14/2014 13:45:16,17,36.04803018,24.87956529
01/14/2014 20:22:23,17,36.06250122,24.89882101
01/15/2014 07:43:12,17,36.04802578,24.87956688
01/15/2014 13:55:17,17,36.04802538,24.87957685
01/15/2014 21:00:01,17,36.06249085,24.89887653
01/16/2014 07:58:12,17,36.04802788,24.87956786
01/16/2014 13:58:26,17,36.04802999,24.87957478
01/16/2014 19:11:23,17,36.06249034,24.89882734
01/17/2014 07:43:12,17,36.04802828,24.87957309
01/17/2014 20:14:53,17,36.06244952,24.89887071
01/18/2014 13:35:59,17,36.07713305,24.87617019
01/18/2014 18:15:01,17,36.06247525,24.89881397
01/19/2014 14:23:01,17,36.06243877,24.89885144
01/06/2014 07:48:09,18,36.04802862,24.87957086
01/06/2014 14:00:23,18,36.04802499,24.879575
01/06/2014 18:57:05,18,36.05451552,24.89994371
01/06/2014 21:08:05,18,36.06335434,24.89606524
01/07/2014 08:09:09,18,36.04802941,24.87957679
01/07/2014 12:11:42,18,36.05572999,24.90255019
01/07/2014 14:20:29,18,36.0480323,24.87956647
01/07/2014 20:46:05,18,36.06333756,24.89608479
01/08/2014 07:55:09,18,36.04802206,24.87957009
01/08/2014 14:03:17,18,36.04802872,24.8795694
01/08/2014 17:23:39,18,36.06336424,24.89616854
01/09/2014 08:07:09,18,36.04802152,24.87957392
01/09/2014 13:54:42,18,36.04802581,24.87956755
01/09/2014 21:07:01,18,36.06337299,24.89606717
01/10/2014 07:50:09,18,36.04803005,24.87957622
01/10/2014 14:11:05,18,36.04802257,24.87956836
01/10/2014 19:12:30,18,36.08544901,24.86042134
01/10/2014 22:43:01,18,36.06341416,24.89616605
01/11/2014 15:36:01,18,36.06341203,24.89614698
01/11/2014 19:19:01,18,36.06340602,24.89612281
01/13/2014 07:58:11,18,36.04803065,24.87957576
01/13/2014 14:18:27,18,36.04802556,24.87957663
01/13/2014 17:40:39,18,36.06338245,24.89615637
01/14/2014 08:02:09,18,36.04802972,24.87956992
01/14/2014 13:57:42,18,36.04802307,24.87957684
01/14/2014 21:19:05,18,36.06337881,24.89612186
01/15/2014 07:44:09,18,36.04802268,24.87957196
01/15/2014 14:11:42,18,36.04802609,24.8795704
01/15/2014 20:09:05,18,36.0633659,24.89611766
01/16/2014 08:07:09,18,36.04802409,24.87957178
01/16/2014 14:01:27,18,36.04802668,24.87957185
01/16/2014 20:38:05,18,36.06341277,24.89612111
01/17/2014 07:48:09,18,36.04802215,24.87956935
01/17/2014 14:06:27,18,36.04802702,24.87956503
01/17/2014 20:33:00,18,36.06338901,24.89607749
01/18/2014 14:18:01,18,36.06343184,24.89615402
01/18/2014 19:32:48,18,36.06335938,24.8961523
01/19/2014 18:16:05,18,36.05444328,24.89995755
01/06/2014 08:00:11,19,36.04802127,24.8795721
01/06/2014 13:55:05,19,36.04802132,24.87956687
01/06/2014 20:36:53,19,36.0878309,24.85628908
01/07/2014 08:08:11,19,36.04802871,24.87956823
01/07/2014 13:42:05,19,36.04802298,24.87956788
01/07/2014 20:10:01,19,36.08783588,24.85628189
01/08/2014 08:08:11,19,36.0480243,24.87956951
01/08/2014 13:48:23,19,36.04802296,24.8795745
01/08/2014 20:10:01,19,36.08793146,24.85636
01/09/2014 07:57:11,19,36.04803053,24.87957001
01/09/2014 13:39:26,19,36.04802234,24.87956731
01/09/2014 21:12:01,19,36.0878445,24.85630248
01/10/2014 08:11:11,19,36.04802207,24.8795725
01/10/2014 13:54:23,19,36.04802954,24.879568
01/10/2014 20:18:01,19,36.08544679,24.86038278
01/11/2014 00:22:01,19,36.08791041,24.85630532
01/11/2014 13:48:20,19,36.08785727,24.85626317
01/12/2014 19:38:53,19,36.08782071,24.85634066
01/13/2014 08:09:11,19,36.04802388,24.87957476
01/13/2014 13:42:17,19,36.0480327,24.879571
01/13/2014 17:57:35,19,36.08789497,24.85630419
01/14/2014 08:06:11,19,36.04802966,24.87957457
01/14/2014 13:32:23,19,36.04803277,24.87956764
01/14/2014 21:15:01,19,36.08790536,24.85632168
01/15/2014 08:15:11,19,36.04802625,24.8795765
01/15/2014 13:54:26,19,36.04802581,24.879575
01/15/2014 21:14:53,19,36.08793202,24.85632739
01/16/2014 08:08:11,19,36.0480273,24.87956861
01/16/2014 13:37:26,19,36.04802346,24.87956511
01/16/2014 20:48:53,19,36.08792703,24.8562986
01/17/2014 08:13:11,19,36.04802678,24.87957437
01/17/2014 13:41:17,19,36.04802974,24.87956552
01/17/2014 17:53:35,19,36.08782311,24.85631216
01/18/2014 13:27:23,19,36.07522543,24.85630214
01/18/2014 15:36:01,19,36.08785403,24.85627174
01/18/2014 19:39:53,19,36.08786537,24.85633057
01/19/2014 13:11:32,19,36.06040802,24.85657552
01/19/2014 15:25:01,19,36.08783521,24.85626948
01/06/2014 07:44:12,20,36.04802464,24.87957076
01/06/2014 13:46:05,20,36.04802497,24.87957677
01/06/2014 20:27:01,20,36.06589799,24.90103414
01/07/2014 07:52:12,20,36.04802256,24.87956836
01/07/2014 13:47:42,20,36.04802404,24.87956835
01/07/2014 17:35:53,20,36.06589792,24.90105196
01/08/2014 08:01:12,20,36.04802863,24.87957397
01/08/2014 14:01:26,20,36.04802244,24.87956805
01/08/2014 17:22:53,20,36.0659183,24.90102048
01/09/2014 07:44:12,20,36.04802937,24.87956556
01/09/2014 13:28:05,20,36.04803248,24.87957527
01/09/2014 20:10:01,20,36.06589308,24.9010367
01/10/2014 07:42:12,20,36.04802862,24.87957186
01/10/2014 13:36:42,20,36.04803215,24.87956613
01/10/2014 20:00:01,20,36.06593773,24.90100714
01/11/2014 19:38:47,20,36.06585274,24.90106879
01/12/2014 20:19:01,20,36.06586525,24.90100916
01/13/2014 07:51:12,20,36.04802178,24.87957562
01/13/2014 13:35:17,20,36.04802598,24.87957346
01/13/2014 17:42:53,20,36.06583254,24.90103467
01/14/2014 08:00:12,20,36.04802894,24.87956598
01/14/2014 20:24:11,20,36.06592253,24.9009979
01/15/2014 07:44:12,20,36.04802355,24.87956877
01/15/2014 13:41:27,20,36.04803209,24.8795768
01/15/2014 20:13:01,20,36.06582169,24.90103148
01/16/2014 08:01:12,20,36.04802976,24.87956825
01/16/2014 13:53:42,20,36.04802382,24.87956672
01/16/2014 20:23:47,20,36.06587199,24.90105882
01/17/2014 08:08:33,20,36.04803179,24.87956986
01/17/2014 13:42:27,20,36.0480216,24.87956744
01/17/2014 19:34:47,20,36.06591574,24.90102537
01/18/2014 19:45:47,20,36.06583151,24.90096591
01/06/2014 08:00:12,21,36.04802851,24.87957602
01/06/2014 14:03:17,21,36.0480325,24.87957626
01/06/2014 20:34:45,21,36.06036892,24.90561205
01/07/2014 08:14:12,21,36.04802541,24.8795744
01/07/2014 13:50:16,21,36.04802257,24.87956767
01/07/2014 21:23:01,21,36.06043409,24.90565706
01/08/2014 07:57:12,21,36.04802382,24.87957411
01/08/2014 13:35:16,21,36.04802947,24.87956903
01/08/2014 17:27:39,21,36.06341964,24.89607329
01/09/2014 08:07:09,21,36.04803192,24.87957576
01/09/2014 13:52:16,21,36.0480303,24.87956966
01/09/2014 20:24:01,21,36.06041301,24.90566674
01/10/2014 07:58:12,21,36.04802567,24.87957422
01/10/2014 13:52:05,21,36.04802392,24.87957676
01/10/2014 20:11:01,21,36.06034333,24.90561865
01/11/2014 03:32:01,21,36.07622357,24.87468854
01/11/2014 11:11:12,21,36.0501988,24.90047429
01/11/2014 20:24:55,21,36.06332477,24.89614422
01/12/2014 20:17:05,21,36.06332483,24.89614295
01/13/2014 07:53:09,21,36.04802986,24.87956977
01/13/2014 13:43:23,21,36.04803097,24.87956598
01/13/2014 23:08:13,21,36.07821967,24.87211744
01/14/2014 03:43:56,21,36.06043867,24.90556951
01/14/2014 07:56:12,21,36.04803062,24.87957368
01/14/2014 13:45:17,21,36.04802098,24.87957051
01/14/2014 21:36:01,21,36.06036144,24.90561373
01/15/2014 07:56:12,21,36.04802585,24.87957598
01/15/2014 13:52:27,21,36.04802776,24.87957287
01/15/2014 17:35:39,21,36.06339713,24.89614467
01/16/2014 08:10:09,21,36.04803015,24.87957233
01/16/2014 13:47:16,21,36.04803265,24.87956573
01/16/2014 20:32:45,21,36.06037015,24.90567797
01/17/2014 08:13:12,21,36.04802971,24.87956915
01/17/2014 13:52:26,21,36.04802104,24.87956598
01/17/2014 21:37:01,21,36.06043476,24.90559558
01/18/2014 20:11:05,21,36.06336185,24.89616043
01/06/2014 08:22:12,22,36.04802126,24.87956542
01/06/2014 13:36:17,22,36.04802746,24.87956869
01/06/2014 17:57:16,22,36.05842868,24.90100909
01/07/2014 08:06:12,22,36.04802857,24.87956655
01/07/2014 13:36:26,22,36.04803064,24.87957165
01/07/2014 17:41:16,22,36.05847783,24.90099063
01/08/2014 08:22:12,22,36.04802355,24.87956608
01/08/2014 13:45:16,22,36.04803179,24.87956808
01/08/2014 20:24:01,22,36.05844609,24.90105107
01/09/2014 08:24:12,22,36.04802552,24.87957339
01/09/2014 17:40:16,22,36.05852797,24.90103365
01/09/2014 20:28:58,22,36.05852719,24.90107603
01/10/2014 08:15:12,22,36.04802392,24.87956655
01/10/2014 13:54:26,22,36.04802892,24.87957678
01/10/2014 17:47:16,22,36.05843602,24.90099253
01/11/2014 20:19:08,22,36.05849875,24.90102283
01/12/2014 15:38:03,22,36.05845178,24.90100362
01/12/2014 20:01:01,22,36.05843937,24.90097622
01/13/2014 08:16:12,22,36.04802213,24.87957133
01/13/2014 13:30:17,22,36.04802661,24.87956935
01/13/2014 20:45:58,22,36.05850485,24.90103494
01/14/2014 08:10:12,22,36.04802375,24.87956553
01/14/2014 17:57:16,22,36.05848876,24.90103973
01/15/2014 08:01:12,22,36.04802704,24.87957057
01/15/2014 13:35:23,22,36.04803068,24.8795734
01/15/2014 21:07:01,22,36.05842836,24.90107675
01/16/2014 08:10:12,22,36.04803182,24.8795684
01/16/2014 13:33:03,22,36.04803028,24.87957254
01/16/2014 21:03:03,22,36.05849828,24.90099604
01/17/2014 08:29:12,22,36.04802142,24.87956885
01/17/2014 20:30:03,22,36.0584438,24.90104675
01/18/2014 11:13:01,22,36.05296646,24.84941345
01/18/2014 13:31:38,22,36.07713388,24.87619413
01/18/2014 20:18:03,22,36.05849435,24.90105143
01/06/2014 08:01:12,23,36.04802981,24.87957484
01/06/2014 13:31:26,23,36.04802301,24.87956748
01/06/2014 20:21:01,23,36.05853075,24.90098797
01/07/2014 08:03:12,23,36.04802351,24.87956831
01/07/2014 13:45:23,23,36.04802297,24.87956583
01/07/2014 20:05:01,23,36.05842978,24.90100773
01/08/2014 08:01:12,23,36.04802572,24.87956536
01/08/2014 13:48:16,23,36.04803216,24.87956838
01/08/2014 20:19:58,23,36.05850052,24.90099261
01/09/2014 08:07:12,23,36.04802721,24.87957372
01/09/2014 13:36:17,23,36.04802353,24.87956969
01/09/2014 19:40:01,23,36.05844546,24.90104402
01/10/2014 07:57:12,23,36.0480289,24.87957065
01/10/2014 13:39:26,23,36.04802686,24.87957507
01/10/2014 17:34:16,23,36.05853764,24.90106906
01/11/2014 13:50:07,23,36.05851731,24.90102624
01/12/2014 19:20:01,23,36.05850279,24.90096832
01/13/2014 08:06:12,23,36.04802265,24.87957494
01/13/2014 13:26:23,23,36.04802766,24.87956533
01/13/2014 17:18:16,23,36.05850876,24.90105074
01/14/2014 07:54:12,23,36.04802194,24.87956934
01/14/2014 13:45:05,23,36.04802993,24.87957484
01/14/2014 20:19:02,23,36.05850239,24.90101718
01/15/2014 08:11:12,23,36.04802196,24.87957659
01/15/2014 13:32:05,23,36.04803097,24.87956922
01/15/2014 20:00:58,23,36.05845196,24.90105181
01/16/2014 07:47:12,23,36.04802132,24.87957271
01/16/2014 13:33:23,23,36.04803138,24.87957355
01/16/2014 19:10:58,23,36.05843671,24.90107693
01/17/2014 08:10:12,23,36.04802589,24.87956623
01/17/2014 13:31:42,23,36.04802101,24.8795758
01/17/2014 20:22:01,23,36.0584801,24.90106432
01/18/2014 15:24:38,23,36.05848194,24.90106843
01/18/2014 19:23:01,23,36.05850979,24.90105793
01/19/2014 15:39:01,23,36.05847532,24.90106253
01/06/2014 08:12:12,24,36.04803081,24.8795655
01/06/2014 14:07:26,24,36.04802307,24.87957015
01/06/2014 18:49:03,24,36.07524082,24.85631656
01/06/2014 21:15:01,24,36.06251128,24.89887937
01/07/2014 08:07:12,24,36.04802618,24.87956776
01/07/2014 14:14:23,24,36.0480263,24.87957129
01/07/2014 18:00:38,24,36.06246867,24.89887053
01/08/2014 08:27:12,24,36.04802688,24.8795736
01/08/2014 14:08:42,24,36.04802871,24.87956769
01/08/2014 20:03:01,24,36.06245579,24.89885543
01/08/2014 23:53:01,24,36.07213845,24.87458647
01/09/2014 03:40:18,24,36.0625174,24.89878371
01/09/2014 08:08:12,24,36.04802788,24.8795702
01/09/2014 14:08:27,24,36.04802551,24.8795678
01/09/2014 19:06:23,24,36.05579684,24.90246603
01/09/2014 21:22:01,24,36.06253028,24.89877175
01/10/2014 08:24:12,24,36.04802818,24.87956612
01/10/2014 14:04:26,24,36.04802118,24.879571
01/10/2014 22:20:01,24,36.06244821,24.89885075
01/11/2014 13:39:32,24,36.07527994,24.85632576
01/11/2014 17:24:01,24,36.06243228,24.89886904
01/13/2014 08:12:12,24,36.04802587,24.87956837
01/13/2014 13:27:14,24,36.04802258,24.87956795
01/13/2014 19:31:35,24,36.06251342,24.89888007
01/14/2014 03:31:36,24,36.07820987,24.87212965
01/14/2014 08:31:19,24,36.0480278,24.87956795
01/14/2014 14:13:01,24,36.04803024,24.87957602
01/14/2014 20:43:35,24,36.06250881,24.89880864
01/15/2014 08:10:12,24,36.0480257,24.87957309
01/15/2014 14:24:01,24,36.04803233,24.87957132
01/15/2014 19:58:23,24,36.06250017,24.89880646
01/16/2014 08:15:12,24,36.04803267,24.87956584
01/16/2014 12:39:54,24,36.05981276,24.85801533
01/16/2014 20:37:19,24,36.06253768,24.89879541
01/17/2014 08:22:33,24,36.04802734,24.87956905
01/17/2014 14:06:23,24,36.0480307,24.87957056
01/17/2014 18:55:23,24,36.05572956,24.90250507
01/17/2014 21:17:01,24,36.06252687,24.89878798
01/18/2014 19:40:32,24,36.06245849,24.89885686
01/19/2014 14:06:01,24,36.06247981,24.89877636
01/19/2014 18:34:23,24,36.05583691,24.90254939
01/06/2014 08:00:33,25,36.04802797,24.87956912
01/06/2014 14:04:23,25,36.04802581,24.87956718
01/06/2014 19:14:01,25,36.05493436,24.9017733
01/06/2014 21:33:01,25,36.05944833,24.8948565
01/07/2014 08:09:33,25,36.04802299,24.87957065
01/07/2014 13:36:05,25,36.04802421,24.87957018
01/07/2014 17:35:42,25,36.05944904,24.89478039
01/07/2014 20:16:02,25,36.05949427,24.8948044
01/08/2014 08:07:33,25,36.04802689,24.87957397
01/08/2014 13:51:23,25,36.04802847,24.87957346
01/08/2014 20:33:02,25,36.05950307,24.89484289
01/09/2014 08:10:33,25,36.04802455,24.87957171
01/09/2014 14:05:27,25,36.04803142,24.87956612
01/09/2014 17:30:42,25,36.05943354,24.89483243
01/10/2014 08:22:33,25,36.0480272,24.87957192
01/10/2014 14:00:23,25,36.04802471,24.87956653
01/10/2014 19:04:01,25,36.08544747,24.86037817
01/10/2014 23:44:01,25,36.059494,24.89484557
01/11/2014 14:22:02,25,36.0594272,24.89482708
01/11/2014 19:35:02,25,36.05951269,24.89478087
01/12/2014 13:27:32,25,36.0752679,24.85627743
01/12/2014 16:05:01,25,36.05948413,24.89479727
01/12/2014 20:21:02,25,36.05952115,24.89480198
01/13/2014 08:24:33,25,36.04802958,24.87956504
01/13/2014 13:50:42,25,36.04803121,24.87956555
01/13/2014 17:26:42,25,36.05949848,24.89477417
01/13/2014 20:35:01,25,36.05949258,24.89478312
01/14/2014 08:02:33,25,36.04802405,24.8795695
01/14/2014 13:42:16,25,36.04802522,24.87956627
01/14/2014 17:25:42,25,36.05948604,24.89480439
01/15/2014 07:59:33,25,36.04803225,24.87956898
01/15/2014 13:55:42,25,36.04802747,24.87957343
01/15/2014 20:09:02,25,36.05947632,24.89483645
01/16/2014 08:11:13,25,36.04803061,24.87957069
01/16/2014 13:52:05,25,36.04802218,24.87956988
01/16/2014 20:40:02,25,36.05950156,24.89485896
01/17/2014 08:12:33,25,36.04803212,24.87957505
01/17/2014 13:52:17,25,36.04802614,24.87957658
01/17/2014 17:46:42,25,36.05943107,24.89486322
01/17/2014 21:11:01,25,36.05944808,24.89477722
01/18/2014 12:47:34,25,36.05293538,24.84936527
01/19/2014 13:34:32,25,36.07525023,24.85631167
01/19/2014 16:38:01,25,36.05945565,24.89484334
01/06/2014 07:45:09,26,36.04802407,24.87957179
01/06/2014 13:43:42,26,36.04803134,24.87957248
01/06/2014 21:57:01,26,36.07294514,24.8840171
01/07/2014 07:55:09,26,36.04802883,24.87956991
01/07/2014 13:43:16,26,36.04803273,24.87956553
01/07/2014 21:56:01,26,36.07299792,24.88399554
01/08/2014 07:47:09,26,36.04802558,24.87957497
01/08/2014 13:45:23,26,36.04802926,24.87956664
01/08/2014 20:16:04,26,36.07292223,24.88404303
01/09/2014 07:51:09,26,36.0480317,24.87957185
01/09/2014 14:07:27,26,36.04802866,24.87956586
01/09/2014 21:30:04,26,36.07296957,24.88400084
01/10/2014 07:59:09,26,36.04802232,24.87957544
01/10/2014 13:48:17,26,36.04802467,24.87956853
01/10/2014 17:35:34,26,36.0730053,24.88399321
01/10/2014 20:10:02,26,36.08549116,24.86039211
01/11/2014 00:30:01,26,36.07296657,24.88405531
01/11/2014 03:20:01,26,36.07299358,24.8839791
01/11/2014 13:33:47,26,36.06328469,24.8523145
01/11/2014 20:04:01,26,36.0729825,24.88396705
01/12/2014 15:31:01,26,36.07298368,24.88403356
01/13/2014 07:55:09,26,36.04802183,24.87957194
01/13/2014 13:53:05,26,36.04802968,24.87957289
01/13/2014 20:44:01,26,36.0729932,24.88399649
01/14/2014 07:53:09,26,36.04802612,24.87956553
01/14/2014 13:46:17,26,36.04802472,24.87957104
01/14/2014 17:37:34,26,36.07292924,24.88396442
01/15/2014 08:08:09,26,36.04802375,24.87957664
01/15/2014 14:05:23,26,36.04803154,24.87956624
01/15/2014 20:37:04,26,36.07294802,24.88404637
01/16/2014 07:59:09,26,36.04802827,24.87956836
01/16/2014 14:11:27,26,36.04803093,24.8795678
01/16/2014 17:57:34,26,36.07297987,24.88396912
01/17/2014 07:40:09,26,36.04802195,24.87957472
01/17/2014 13:52:16,26,36.04803191,24.87957093
01/17/2014 20:19:01,26,36.07292145,24.88404046
01/18/2014 20:07:01,26,36.0729652,24.88405375
01/06/2014 07:59:09,27,36.04802115,24.87957237
01/06/2014 14:08:16,27,36.0480295,24.87956948
01/06/2014 21:08:21,27,36.06928237,24.88422138
01/07/2014 08:04:09,27,36.04802789,24.87956663
01/07/2014 14:15:27,27,36.04803257,24.87956638
01/07/2014 20:57:21,27,36.06929473,24.88417655
01/08/2014 08:00:09,27,36.04802099,24.87956687
01/08/2014 14:02:26,27,36.04803031,24.87957502
01/08/2014 17:13:51,27,36.06923774,24.88423898
01/09/2014 08:19:09,27,36.04802946,24.87957512
01/09/2014 14:11:17,27,36.04802861,24.87956506
01/09/2014 20:21:21,27,36.06929364,24.88417243
01/10/2014 07:56:09,27,36.04802465,24.87957358
01/10/2014 14:15:17,27,36.04802745,24.87957682
01/10/2014 17:34:51,27,36.06925169,24.88420722
01/11/2014 20:43:21,27,36.06929936,24.88425277
01/12/2014 14:07:01,27,36.06927967,24.88424687
01/12/2014 19:55:21,27,36.0692353,24.88425165
01/13/2014 07:54:09,27,36.04802889,24.87957382
01/13/2014 13:57:23,27,36.04802661,24.87957077
01/13/2014 17:17:51,27,36.0692819,24.884223
01/14/2014 08:21:09,27,36.04802846,24.87956885
01/14/2014 13:54:26,27,36.04802919,24.87957283
01/14/2014 20:48:01,27,36.06926783,24.88421176
01/15/2014 08:15:09,27,36.04802483,24.87956763
01/15/2014 14:12:17,27,36.04802833,24.87956877
01/15/2014 20:00:21,27,36.06924972,24.8842189
01/16/2014 07:58:09,27,36.04802517,24.87957228
01/16/2014 13:57:26,27,36.04803242,24.87956934
01/16/2014 20:59:21,27,36.06923591,24.88418517
01/17/2014 08:14:09,27,36.04803087,24.87957093
01/17/2014 14:08:16,27,36.0480301,24.87957304
01/17/2014 19:30:21,27,36.06926007,24.8841949
01/06/2014 08:13:31,28,36.05229786,24.87565182
01/06/2014 20:01:01,28,36.07296458,24.87610634
01/07/2014 08:01:31,28,36.05229295,24.87599585
01/07/2014 20:20:47,28,36.07377973,24.87569729
01/08/2014 08:12:31,28,36.05184093,24.8756492
01/08/2014 20:20:47,28,36.07380172,24.87571049
01/09/2014 08:05:31,28,36.05241606,24.87564826
01/09/2014 13:58:17,28,36.0517244,24.87518786
01/09/2014 19:53:01,28,36.07294459,24.87494694
01/10/2014 07:56:31,28,36.05217698,24.87588108
01/10/2014 19:07:29,28,36.08906154,24.85662123
01/10/2014 22:27:29,28,36.07334813,24.87554272
01/11/2014 20:12:52,28,36.07340565,24.87593109
01/12/2014 20:01:01,28,36.06291201,24.896813
01/12/2014 23:26:35,28,36.07355686,24.87643536
01/13/2014 07:58:31,28,36.05149421,24.87552879
01/13/2014 17:15:34,28,36.07368984,24.87582627
01/14/2014 08:09:31,28,36.05230217,24.87506712
01/14/2014 13:46:42,28,36.05207018,24.87610261
01/14/2014 17:11:01,28,36.07273373,24.87531134
01/14/2014 20:53:01,28,36.07377601,24.87498177
01/15/2014 08:07:31,28,36.05160304,24.87518552
01/15/2014 19:26:47,28,36.07319653,24.87610948
01/16/2014 08:06:31,28,36.05160929,24.87598859
01/16/2014 19:08:47,28,36.05551217,24.86661684
01/16/2014 21:23:45,28,36.07257301,24.8749658
01/17/2014 08:07:31,28,36.05172321,24.87576023
01/17/2014 13:52:27,28,36.05230034,24.87530571
01/17/2014 20:12:47,28,36.07296917,24.87511463
01/18/2014 10:10:43,28,36.05758172,24.84594513
01/18/2014 13:31:38,28,36.08166757,24.87158803
01/18/2014 20:18:03,28,36.06311912,24.89682969
01/19/2014 00:02:39,28,36.07376438,24.87535687
01/19/2014 12:42:55,28,36.08085291,24.87273209
01/19/2014 15:32:01,28,36.07264387,24.87523756
01/06/2014 08:01:39,29,36.0480225,24.87957455
01/06/2014 13:53:46,29,36.04802531,24.87956765
01/06/2014 20:37:58,29,36.05943187,24.89483042
01/07/2014 07:57:19,29,36.04803166,24.87956727
01/07/2014 14:08:21,29,36.0480258,24.87957353
01/07/2014 20:43:35,29,36.05951469,24.89483012
01/08/2014 08:01:36,29,36.04803276,24.87957244
01/08/2014 13:40:17,29,36.04802443,24.87956632
01/08/2014 20:53:01,29,36.0594771,24.89477097
01/09/2014 07:54:18,29,36.04803202,24.87956863
01/09/2014 14:20:01,29,36.04803015,24.879565
01/09/2014 19:37:36,29,36.0595042,24.89477447
01/10/2014 07:53:50,29,36.04802422,24.87956882
01/10/2014 14:07:43,29,36.04802845,24.87957158
01/10/2014 20:07:39,29,36.05943163,24.89483684
01/12/2014 00:00:45,29,36.0594926,24.89479332
01/12/2014 13:35:01,29,36.05286408,24.86861372
01/12/2014 16:22:01,29,36.05947141,24.89484203
01/12/2014 20:16:28,29,36.05945782,24.8947874
01/13/2014 07:46:48,29,36.04803257,24.87957024
01/13/2014 13:58:47,29,36.04802242,24.87956576
01/13/2014 19:57:46,29,36.05945166,24.89483519
01/14/2014 07:43:11,29,36.0480307,24.8795679
01/14/2014 13:49:41,29,36.04802552,24.87956853
01/14/2014 20:26:12,29,36.05947909,24.89476562
01/15/2014 08:00:29,29,36.04802713,24.87956843
01/15/2014 14:08:35,29,36.04802233,24.87957374
01/15/2014 19:17:01,29,36.05445916,24.89989058
01/15/2014 21:50:01,29,36.05945083,24.89478206
01/16/2014 07:45:23,29,36.04802385,24.87956591
01/16/2014 13:38:48,29,36.04803216,24.87956732
01/16/2014 19:54:43,29,36.05943453,24.89478523
01/17/2014 07:47:53,29,36.04803164,24.87957617
01/17/2014 13:46:24,29,36.04802229,24.87957543
01/17/2014 17:31:51,29,36.0595112,24.89480673
01/18/2014 15:47:33,29,36.05942603,24.89484834
01/18/2014 20:01:03,29,36.05949253,24.89482688
01/06/2014 08:19:12,30,36.04802588,24.87956918
01/06/2014 15:18:01,30,36.04803177,24.87956841
01/06/2014 20:13:01,30,36.05845679,24.90105528
01/07/2014 08:29:12,30,36.04802832,24.87956973
01/07/2014 14:14:05,30,36.04803124,24.8795738
01/07/2014 20:22:10,30,36.05842397,24.90097063
01/08/2014 08:16:12,30,36.04803069,24.87957257
01/08/2014 21:02:01,30,36.05844871,24.90107694
01/09/2014 08:07:12,30,36.04802557,24.87957124
01/09/2014 14:02:42,30,36.04802483,24.87957033
01/09/2014 20:22:10,30,36.05843576,24.90105694
01/10/2014 08:15:12,30,36.04803017,24.87956609
01/10/2014 14:40:01,30,36.04803013,24.87956659
01/10/2014 20:12:58,30,36.05845073,24.90100455
01/11/2014 15:22:01,30,36.05845687,24.90099864
01/11/2014 20:30:10,30,36.05850742,24.90097845
01/12/2014 13:42:59,30,36.0771632,24.87621264
01/12/2014 19:19:01,30,36.05847458,24.90106137
01/13/2014 08:28:12,30,36.04803062,24.87956574
01/13/2014 14:17:42,30,36.04802118,24.87957064
01/13/2014 21:01:01,30,36.05851365,24.90097577
01/14/2014 08:29:12,30,36.0480228,24.87957136
01/14/2014 14:09:27,30,36.04803195,24.87956896
01/14/2014 20:54:10,30,36.05844949,24.90097534
01/15/2014 08:25:12,30,36.04802127,24.87956905
01/15/2014 14:32:26,30,36.0480284,24.87956694
01/15/2014 17:21:16,30,36.05850214,24.90106419
01/16/2014 08:12:12,30,36.04803138,24.87956509
01/16/2014 14:08:17,30,36.0480329,24.87957055
01/16/2014 20:15:58,30,36.05850467,24.90101225
01/17/2014 08:28:12,30,36.04802465,24.87957574
01/17/2014 14:01:42,30,36.04802986,24.87957442
01/17/2014 19:49:58,30,36.05843132,24.90107786
01/18/2014 15:13:01,30,36.05847055,24.90103589
01/18/2014 20:34:01,30,36.05853371,24.90097897
01/19/2014 15:15:01,30,36.05845042,24.90101738
01/17/2014 08:06:09,31,36.04802796,24.87956954
01/17/2014 13:37:17,31,36.04802903,24.87956844
01/17/2014 17:36:07,31,36.0707297,24.89520395
01/18/2014 14:01:01,31,36.07072848,24.89521084
01/19/2014 13:19:28,31,36.08957939,24.86072773
01/19/2014 15:54:28,31,36.07066623,24.89517128
01/06/2014 07:53:31,32,36.04802633,24.87957324
01/06/2014 13:12:01,32,36.04802995,24.87956605
01/06/2014 21:24:01,32,36.07214883,24.87458834
01/07/2014 07:54:31,32,36.04802974,24.87957121
01/07/2014 13:21:42,32,36.04802496,24.87956656
01/07/2014 21:07:01,32,36.07211723,24.87458735
01/08/2014 07:42:31,32,36.0480293,24.87957014
01/08/2014 13:31:05,32,36.04802778,24.87956812
01/08/2014 17:53:48,32,36.07212268,24.87462755
01/09/2014 07:59:31,32,36.04802965,24.8795666
01/09/2014 13:33:23,32,36.04802373,24.87957587
01/09/2014 21:26:02,32,36.07214703,24.87460287
01/10/2014 07:49:31,32,36.04802186,24.87957084
01/10/2014 13:16:42,32,36.04802958,24.87957593
01/10/2014 21:30:02,32,36.07211832,24.87461607
01/11/2014 13:37:01,32,36.06585801,24.84983851
01/11/2014 19:35:03,32,36.0721305,24.8746141
01/12/2014 13:41:44,32,36.07215001,24.87460956
01/12/2014 19:58:02,32,36.07212438,24.8746153
01/13/2014 07:39:31,32,36.04802584,24.87956611
01/13/2014 13:21:01,32,36.04802477,24.87957144
01/13/2014 23:00:01,32,36.0721156,24.87458724
01/14/2014 07:58:31,32,36.04802642,24.8795668
01/14/2014 13:24:23,32,36.04802613,24.8795679
01/14/2014 17:53:48,32,36.07213522,24.87460303
01/15/2014 07:55:31,32,36.04802964,24.87956837
01/15/2014 13:17:26,32,36.04802644,24.87957058
01/15/2014 19:39:02,32,36.07668669,24.85760283
01/15/2014 21:58:01,32,36.07215696,24.8746277
01/16/2014 07:50:31,32,36.04802235,24.87957409
01/16/2014 13:37:27,32,36.04802149,24.87956569
01/16/2014 18:07:48,32,36.07214854,24.87462417
01/17/2014 07:43:52,32,36.04802144,24.87956675
01/17/2014 13:27:16,32,36.04803116,24.8795737
01/17/2014 17:59:48,32,36.07211581,24.8745924
01/18/2014 13:11:19,32,36.05285492,24.86856833
01/18/2014 15:46:58,32,36.07215085,24.87460258
01/18/2014 19:13:01,32,36.07213114,24.87461923
01/19/2014 12:51:01,32,36.08961232,24.86066951
01/06/2014 07:51:12,33,36.04802558,24.87957263
01/06/2014 13:28:05,33,36.04802221,24.87957412
01/06/2014 17:37:38,33,36.06246262,24.8988012
01/07/2014 08:04:12,33,36.04803224,24.87956532
01/07/2014 13:50:17,33,36.04802238,24.8795661
01/07/2014 20:21:23,33,36.06243091,24.89879427
01/08/2014 07:54:12,33,36.04803277,24.87956604
01/08/2014 11:09:07,33,36.07071981,24.89527846
01/08/2014 13:38:01,33,36.04803229,24.87956668
01/08/2014 20:31:01,33,36.06243694,24.89885112
01/09/2014 07:51:12,33,36.04802785,24.87957143
01/09/2014 13:49:27,33,36.04803208,24.87957314
01/09/2014 17:44:38,33,36.06247823,24.89886185
01/10/2014 08:00:12,33,36.04803017,24.87956927
01/10/2014 13:36:01,33,36.04802115,24.87957179
01/10/2014 19:30:02,33,36.08548257,24.86041239
01/10/2014 23:47:02,33,36.06253875,24.89886779
01/11/2014 12:37:37,33,36.07717359,24.87616512
01/11/2014 19:40:00,33,36.06248183,24.89879424
01/12/2014 14:00:36,33,36.06246057,24.89882242
01/13/2014 07:49:12,33,36.0480309,24.87957086
01/13/2014 13:37:17,33,36.04803281,24.8795728
01/13/2014 20:48:01,33,36.06246684,24.89879171
01/14/2014 07:48:12,33,36.04802441,24.87956847
01/14/2014 11:08:07,33,36.07073357,24.8952839
01/14/2014 13:39:07,33,36.04803132,24.87956596
01/14/2014 17:30:38,33,36.06246563,24.89878951
01/15/2014 07:50:12,33,36.04802667,24.87956801
01/15/2014 13:29:27,33,36.04802776,24.87956519
01/15/2014 20:10:35,33,36.06244988,24.89886138
01/16/2014 08:09:12,33,36.04802194,24.87957477
01/16/2014 13:28:09,33,36.0480257,24.87956624
01/16/2014 20:17:23,33,36.06248749,24.89884034
01/17/2014 08:11:12,33,36.04802507,24.87957374
01/17/2014 11:22:07,33,36.07063509,24.89528259
01/17/2014 14:09:07,33,36.04803088,24.87957191
01/17/2014 21:05:01,33,36.06248615,24.89880024
01/19/2014 18:13:01,33,36.05578666,24.90252398
01/06/2014 07:40:12,34,36.04802557,24.8795711
01/06/2014 13:33:27,34,36.04802304,24.87957683
01/06/2014 17:20:46,34,36.06768463,24.90250167
01/07/2014 07:47:12,34,36.04803225,24.87956698
01/07/2014 13:44:26,34,36.04802568,24.87957069
01/07/2014 20:14:55,34,36.06771093,24.90246071
01/08/2014 08:07:12,34,36.04802624,24.87957544
01/08/2014 13:26:27,34,36.0480277,24.87956607
01/08/2014 17:38:46,34,36.06764776,24.90243385
01/09/2014 07:55:12,34,36.04803003,24.87956935
01/09/2014 13:28:16,34,36.04802876,24.8795764
01/09/2014 20:34:45,34,36.0676703,24.90249415
01/10/2014 08:07:12,34,36.04802244,24.8795743
01/10/2014 20:02:55,34,36.06764665,24.90252916
01/11/2014 14:18:01,34,36.07717187,24.87618361
01/11/2014 19:47:54,34,36.06772548,24.90251064
01/13/2014 07:57:12,34,36.04802793,24.87956963
01/13/2014 13:44:05,34,36.04802609,24.879573
01/13/2014 20:21:01,34,36.06775606,24.90245333
01/14/2014 07:40:12,34,36.04802201,24.87956623
01/14/2014 13:39:23,34,36.04802206,24.87957675
01/14/2014 20:08:01,34,36.06769673,24.90246155
01/15/2014 08:07:12,34,36.04802273,24.8795651
01/15/2014 13:39:42,34,36.04802165,24.87957681
01/15/2014 21:24:02,34,36.06774775,24.90248481
01/16/2014 08:01:12,34,36.04802832,24.87956727
01/16/2014 13:48:17,34,36.04802469,24.87957337
01/16/2014 19:51:55,34,36.06772554,24.90253369
01/17/2014 08:07:12,34,36.04802784,24.87957214
01/17/2014 13:37:27,34,36.04802653,24.87957622
01/17/2014 20:06:01,34,36.06765073,24.90251533
01/18/2014 13:23:46,34,36.05296446,24.84938995
01/18/2014 19:48:49,34,36.06775113,24.9024783
01/19/2014 13:29:01,34,36.05494562,24.90184403
01/06/2014 07:13:31,35,36.04802146,24.87956951
01/06/2014 13:52:42,35,36.04802686,24.8795748
01/06/2014 18:23:24,35,36.07623001,24.87466735
01/07/2014 07:04:56,35,36.04802238,24.87956548
01/07/2014 13:44:16,35,36.04802387,24.87957293
01/07/2014 21:26:19,35,36.07622588,24.87469229
01/08/2014 07:02:01,35,36.04803176,24.87957201
01/08/2014 13:32:17,35,36.04802318,24.87956601
01/08/2014 23:00:01,35,36.07622525,24.87466571
01/09/2014 07:06:41,35,36.04802202,24.87956567
01/09/2014 13:44:17,35,36.04802342,24.87957674
01/09/2014 20:48:01,35,36.07625512,24.87471058
01/10/2014 07:10:31,35,36.04803009,24.87957617
01/10/2014 13:52:27,35,36.04803192,24.87957085
01/10/2014 20:08:19,35,36.07668348,24.85757289
01/10/2014 22:27:19,35,36.07624644,24.8747067
01/11/2014 14:01:07,35,36.05293834,24.84941309
01/11/2014 18:01:01,35,36.07622883,24.87470368
01/12/2014 12:49:17,35,36.08954006,24.86068035
01/12/2014 17:57:01,35,36.07622126,24.87466599
01/13/2014 07:06:41,35,36.04802418,24.87956992
01/13/2014 13:44:42,35,36.04802392,24.87956921
01/13/2014 20:39:19,35,36.07623099,24.87470682
01/14/2014 07:17:31,35,36.04803176,24.87957007
01/14/2014 13:42:16,35,36.04802502,24.87957664
01/14/2014 20:30:01,35,36.07625415,24.87469876
01/15/2014 07:18:31,35,36.04802856,24.87956509
01/15/2014 13:47:16,35,36.04803031,24.87956684
01/15/2014 19:45:22,35,36.06042171,24.85657507
01/15/2014 22:33:01,35,36.07623249,24.87467735
01/16/2014 07:23:31,35,36.04803054,24.87957631
01/16/2014 13:43:16,35,36.04802146,24.87957407
01/16/2014 20:56:19,35,36.07622207,24.87468144
01/17/2014 07:00:01,35,36.04802903,24.87957442
01/17/2014 13:48:26,35,36.04802901,24.87956549
01/17/2014 19:26:19,35,36.07665079,24.85757351
01/17/2014 21:59:01,35,36.07624482,24.87469598
01/18/2014 13:40:54,35,36.0549525,24.90185865
01/18/2014 19:44:19,35,36.07626154,24.87468089
01/19/2014 12:41:17,35,36.08954785,24.8607627
01/19/2014 16:06:17,35,36.07626225,24.87466744
01/06/2014 15:53:30,101,36.04802115,24.87957058
01/07/2014 12:09:41,101,36.04802973,24.87956687
01/09/2014 10:47:19,101,36.05845188,24.88552381
01/09/2014 13:01:51,101,36.04802542,24.87956703
01/10/2014 13:39:03,101,36.04802353,24.87957133
01/13/2014 18:57:04,101,36.04807817,24.87956863
01/14/2014 13:08:02,101,36.0480308,24.87956933
01/16/2014 14:12:54,101,36.05419798,24.90809581
01/06/2014 13:29:51,104,36.05093077,24.82588699
01/06/2014 16:45:01,104,36.04802491,24.87957092
01/07/2014 15:54:02,104,36.04802557,24.87957501
01/08/2014 15:52:55,104,36.04803154,24.8795683
01/09/2014 13:09:01,104,36.05093609,24.82591843
01/09/2014 16:23:22,104,36.04802446,24.87957594
01/13/2014 13:46:52,104,36.05100944,24.82598096
01/13/2014 17:17:28,104,36.04802568,24.87956555
01/14/2014 15:49:06,104,36.04802108,24.87957255
01/15/2014 10:19:06,104,36.05096915,24.82595393
01/15/2014 13:45:13,104,36.05092882,24.82592473
01/15/2014 15:57:46,104,36.04802734,24.87957265
01/16/2014 13:31:15,104,36.05101637,24.8259108
01/07/2014 16:28:03,105,36.04803099,24.87956865
01/08/2014 17:07:01,105,36.04802661,24.87956507
01/09/2014 16:33:05,105,36.04803045,24.87957298
01/14/2014 09:54:37,105,36.05844443,24.88550264
01/14/2014 16:34:10,105,36.04803013,24.87956538
01/15/2014 17:06:16,105,36.04802905,24.87957107
01/16/2014 13:28:46,105,36.05854125,24.88092831
01/07/2014 17:04:01,106,36.04802413,24.87956915
01/08/2014 11:40:01,106,36.04803281,24.87957531
01/09/2014 17:06:01,106,36.0480237,24.87957053
01/14/2014 17:04:01,106,36.04802849,24.8795715
01/15/2014 12:13:11,106,36.04805023,24.87957075
01/16/2014 13:29:54,106,36.07441622,24.84602789
01/06/2014 11:46:01,107,36.04802478,24.87956995
01/07/2014 15:46:53,107,36.05854787,24.88092654
01/08/2014 15:29:29,107,36.05853329,24.88092331
01/09/2014 15:47:27,107,36.05854339,24.88087938
01/10/2014 11:59:26,107,36.04802814,24.87957157
01/13/2014 12:01:41,107,36.04802884,24.87957124
01/14/2014 12:03:21,107,36.04802283,24.8795731
01/15/2014 18:25:26,107,36.05856795,24.88089131
01/16/2014 11:54:13,107,36.04803088,24.87957021
01/17/2014 14:17:30,107,36.05838775,24.88551414
